path,file_type,audience,last_modified,generator_flag,notes
CONTRIBUTING.md,markdown,general,2025-09-22T16:00:06,,
README.md,markdown,general,2025-09-22T16:00:06,,
TODO-V2.md,markdown,general,2025-06-09T20:51:33,,
TODO.md,markdown,general,2025-09-22T16:00:06,,
docs/api/benchmarks.rst,restructuredtext,general,2025-06-12T09:34:43,,
docs/api/chunking.rst,restructuredtext,general,2025-06-12T09:34:43,,
docs/api/cli.commands.rst,restructuredtext,general,2025-06-12T09:34:43,,
docs/api/cli.rst,restructuredtext,general,2025-06-12T09:34:43,,
docs/api/cli_worker.rst,restructuredtext,general,2025-06-12T09:34:43,,
docs/api/config.rst,restructuredtext,general,2025-06-12T09:34:43,,
docs/api/core.rst,restructuredtext,general,2025-06-12T09:34:43,,
docs/api/crawl4ai_bulk_embedder.rst,restructuredtext,general,2025-06-12T09:34:43,,
docs/api/infrastructure.database.rst,restructuredtext,general,2025-06-12T09:34:43,,
docs/api/infrastructure.rst,restructuredtext,general,2025-06-12T09:34:43,,
docs/api/manage_vector_db.rst,restructuredtext,general,2025-06-12T09:34:43,,
docs/api/mcp_tools.models.rst,restructuredtext,general,2025-06-12T09:34:43,,
docs/api/mcp_tools.rst,restructuredtext,general,2025-06-12T09:34:43,,
docs/api/mcp_tools.tools.helpers.rst,restructuredtext,general,2025-06-12T09:34:43,,
docs/api/mcp_tools.tools.rst,restructuredtext,general,2025-06-12T09:34:43,,
docs/api/models.rst,restructuredtext,general,2025-06-12T09:34:43,,
docs/api/modules.rst,restructuredtext,general,2025-09-22T13:05:17,,
docs/api/security.rst,restructuredtext,general,2025-06-12T09:34:43,,
docs/api/services.browser.rst,restructuredtext,general,2025-06-12T09:34:43,,
docs/api/services.cache.rst,restructuredtext,general,2025-06-12T09:34:43,,
docs/api/services.content_intelligence.rst,restructuredtext,general,2025-06-12T09:34:43,,
docs/api/services.core.rst,restructuredtext,general,2025-06-12T09:34:43,,
docs/api/services.crawling.rst,restructuredtext,general,2025-06-12T09:34:43,,
docs/api/services.embeddings.rst,restructuredtext,general,2025-06-12T09:34:43,,
docs/api/services.fastapi.dependencies.rst,restructuredtext,general,2025-06-12T09:34:43,,
docs/api/services.fastapi.middleware.rst,restructuredtext,general,2025-06-12T09:34:43,,
docs/api/services.fastapi.rst,restructuredtext,general,2025-06-12T09:34:43,,
docs/api/services.hyde.rst,restructuredtext,general,2025-06-12T09:34:43,,
docs/api/services.monitoring.rst,restructuredtext,general,2025-06-12T09:34:43,,
docs/api/services.query_processing.rst,restructuredtext,general,2025-06-12T09:34:43,,
docs/api/services.rst,restructuredtext,general,2025-06-12T09:34:43,,
docs/api/services.task_queue.rst,restructuredtext,general,2025-06-12T09:34:43,,
docs/api/services.utilities.rst,restructuredtext,general,2025-06-12T09:34:43,,
docs/api/services.vector_db.filters.rst,restructuredtext,general,2025-06-12T09:34:43,,
docs/api/services.vector_db.rst,restructuredtext,general,2025-06-12T09:34:43,,
docs/api/src.api.routers.rst,restructuredtext,general,2025-09-22T13:05:17,,
docs/api/src.api.routers.simple.rst,restructuredtext,general,2025-09-22T13:05:17,,
docs/api/src.api.rst,restructuredtext,general,2025-09-22T13:05:17,,
docs/api/src.architecture.rst,restructuredtext,general,2025-09-22T13:05:17,,
docs/api/src.automation.rst,restructuredtext,general,2025-09-22T13:05:17,,
docs/api/src.automation.self_healing.rst,restructuredtext,general,2025-09-22T13:05:17,,
docs/api/src.benchmarks.rst,restructuredtext,general,2025-09-22T13:05:17,,
docs/api/src.cli.commands.rst,restructuredtext,general,2025-09-22T13:05:17,,
docs/api/src.cli.rst,restructuredtext,general,2025-09-22T13:05:17,,
docs/api/src.cli.wizard.rst,restructuredtext,general,2025-09-22T13:05:17,,
docs/api/src.config.rst,restructuredtext,general,2025-09-22T13:05:17,,
docs/api/src.config.security.rst,restructuredtext,general,2025-09-22T13:05:17,,
docs/api/src.core.rst,restructuredtext,general,2025-09-22T13:05:17,,
docs/api/src.infrastructure.clients.rst,restructuredtext,general,2025-09-22T13:05:17,,
docs/api/src.infrastructure.database.rst,restructuredtext,general,2025-09-22T13:05:17,,
docs/api/src.infrastructure.rst,restructuredtext,general,2025-09-22T13:05:17,,
docs/api/src.mcp_services.rst,restructuredtext,general,2025-09-22T13:05:17,,
docs/api/src.mcp_tools.models.rst,restructuredtext,general,2025-09-22T13:05:17,,
docs/api/src.mcp_tools.rst,restructuredtext,general,2025-09-22T13:05:17,,
docs/api/src.mcp_tools.tools.helpers.rst,restructuredtext,general,2025-09-22T13:05:17,,
docs/api/src.mcp_tools.tools.rst,restructuredtext,general,2025-09-22T13:05:17,,
docs/api/src.models.rst,restructuredtext,general,2025-09-22T13:05:17,,
docs/api/src.rst,restructuredtext,general,2025-09-22T13:05:17,,
docs/api/src.security.rst,restructuredtext,general,2025-09-22T13:05:17,,
docs/api/src.services.agents.rst,restructuredtext,general,2025-09-22T13:05:17,,
docs/api/src.services.analytics.rst,restructuredtext,general,2025-09-22T13:05:17,,
docs/api/src.services.auto_detection.rst,restructuredtext,general,2025-09-22T13:05:17,,
docs/api/src.services.browser.rst,restructuredtext,general,2025-09-22T13:05:17,,
docs/api/src.services.cache.rst,restructuredtext,general,2025-09-22T13:05:17,,
docs/api/src.services.circuit_breaker.rst,restructuredtext,general,2025-09-22T13:05:17,,
docs/api/src.services.content_intelligence.rst,restructuredtext,general,2025-09-22T13:05:17,,
docs/api/src.services.core.rst,restructuredtext,general,2025-09-22T13:05:17,,
docs/api/src.services.crawling.rst,restructuredtext,general,2025-09-22T13:05:17,,
docs/api/src.services.deployment.rst,restructuredtext,general,2025-09-22T13:05:17,,
docs/api/src.services.embeddings.rst,restructuredtext,general,2025-09-22T13:05:17,,
docs/api/src.services.enterprise.rst,restructuredtext,general,2025-09-22T13:05:17,,
docs/api/src.services.fastapi.dependencies.rst,restructuredtext,general,2025-09-22T13:05:17,,
docs/api/src.services.fastapi.middleware.rst,restructuredtext,general,2025-09-22T13:05:17,,
docs/api/src.services.fastapi.routers.rst,restructuredtext,general,2025-09-22T13:05:17,,
docs/api/src.services.fastapi.rst,restructuredtext,general,2025-09-22T13:05:17,,
docs/api/src.services.functional.rst,restructuredtext,general,2025-09-22T13:05:17,,
docs/api/src.services.hyde.rst,restructuredtext,general,2025-09-22T13:05:17,,
docs/api/src.services.integration.rst,restructuredtext,general,2025-09-22T13:05:17,,
docs/api/src.services.managers.rst,restructuredtext,general,2025-09-22T13:05:17,,
docs/api/src.services.middleware.rst,restructuredtext,general,2025-09-22T13:05:17,,
docs/api/src.services.migration.rst,restructuredtext,general,2025-09-22T13:05:17,,
docs/api/src.services.monitoring.rst,restructuredtext,general,2025-09-22T13:05:17,,
docs/api/src.services.observability.rst,restructuredtext,general,2025-09-22T13:05:17,,
docs/api/src.services.performance.rst,restructuredtext,general,2025-09-22T13:05:17,,
docs/api/src.services.processing.rst,restructuredtext,general,2025-09-22T13:05:17,,
docs/api/src.services.query_processing.rst,restructuredtext,general,2025-09-22T13:05:17,,
docs/api/src.services.rag.rst,restructuredtext,general,2025-09-22T13:05:17,,
docs/api/src.services.rst,restructuredtext,general,2025-09-22T13:05:17,,
docs/api/src.services.security.rst,restructuredtext,general,2025-09-22T13:05:17,,
docs/api/src.services.simple.rst,restructuredtext,general,2025-09-22T13:05:17,,
docs/api/src.services.task_queue.rst,restructuredtext,general,2025-09-22T13:05:17,,
docs/api/src.services.utilities.rst,restructuredtext,general,2025-09-22T13:05:17,,
docs/api/src.services.vector_db.filters.rst,restructuredtext,general,2025-09-22T13:05:17,,
docs/api/src.services.vector_db.rst,restructuredtext,general,2025-09-22T13:05:17,,
docs/api/src.utils.rst,restructuredtext,general,2025-09-22T13:05:17,,
docs/api/unified_mcp_server.rst,restructuredtext,general,2025-06-12T09:34:43,,
docs/api/utils.rst,restructuredtext,general,2025-06-12T15:37:45,,
docs/benchmark-fixes-summary.md,markdown,general,2025-09-22T16:00:06,,
docs/build-config/README.md,markdown,general,2025-06-13T11:51:27,"mkdocs,sphinx",
docs/build-config/__init__.py,python,general,2025-09-22T13:05:17,"mkdocs,sphinx",
docs/build-config/conf.py,python,general,2025-09-22T13:05:17,"mkdocs,sphinx",
docs/build-config/index.rst,restructuredtext,general,2025-06-13T11:51:27,"mkdocs,sphinx",
docs/build-config/mkdocs.yml,yaml,general,2025-09-22T13:05:17,"mkdocs,sphinx",
docs/community-guidelines.md,markdown,general,2025-06-13T11:51:27,,
docs/developers/README.md,markdown,developer,2025-09-22T16:00:06,,
docs/developers/adrs/ADR-0001-documentation-platform.md,markdown,developer,2025-09-22T17:54:53,,
docs/developers/adrs/ADR-0002-traceability-methodology.md,markdown,developer,2025-09-22T17:49:04,,
docs/developers/adrs/adr-template.md,markdown,developer,2025-09-22T17:39:51,,
docs/developers/ai-ml-testing-guide.md,markdown,developer,2025-09-22T13:05:17,,
docs/developers/api-reference.md,markdown,developer,2025-06-13T11:51:27,,
docs/developers/architecture-diagrams.md,markdown,developer,2025-06-23T22:21:27,,
docs/developers/architecture.md,markdown,developer,2025-09-22T13:05:17,,
docs/developers/benchmarking-and-performance.md,markdown,developer,2025-09-22T16:00:06,,
docs/developers/browser-automation-ci.md,markdown,developer,2025-06-13T11:51:27,,
docs/developers/ci/MIGRATION_GUIDE.md,markdown,developer,2025-09-22T13:05:17,,
docs/developers/ci/OPTIMIZATION_MIGRATION_GUIDE.md,markdown,developer,2025-09-22T13:05:17,,
docs/developers/config-consolidation-validation-report.md,markdown,developer,2025-09-22T13:05:17,,
docs/developers/configuration-best-practices.md,markdown,developer,2025-06-23T22:21:27,,
docs/developers/configuration.md,markdown,developer,2025-06-13T11:51:27,,
docs/developers/contributing-docs.md,markdown,developer,2025-09-22T17:53:13,,
docs/developers/contributing.md,markdown,developer,2025-06-13T11:51:27,,
docs/developers/database-connection-pool-technical-reference.md,markdown,developer,2025-09-22T13:05:17,,
docs/developers/database-optimization-api.yaml,yaml,developer,2025-06-13T11:51:27,,
docs/developers/deployment-strategies.md,markdown,developer,2025-06-23T22:21:27,,
docs/developers/developer-experience.md,markdown,developer,2025-09-22T16:00:06,,
docs/developers/getting-started.md,markdown,developer,2025-09-22T16:00:06,,
docs/developers/integration-guide.md,markdown,developer,2025-06-23T22:21:27,,
docs/developers/ml-model-documentation.md,markdown,developer,2025-06-13T11:51:27,,
docs/developers/ml-security-recommendation.md,markdown,developer,2025-06-14T12:32:40,,
docs/developers/performance-benchmarking-methodology.md,markdown,developer,2025-06-13T11:51:27,,
docs/developers/performance-testing-guide.md,markdown,developer,2025-09-22T13:06:24,,
docs/developers/performance-validation-report.md,markdown,developer,2025-09-22T13:05:17,,
docs/developers/query-api-optimization.md,markdown,developer,2025-06-13T11:51:27,,
docs/developers/query-processing.md,markdown,developer,2025-06-23T22:21:27,,
docs/developers/research-collaboration.md,markdown,developer,2025-06-13T11:51:27,,
docs/developers/reviews/performance-review.md,markdown,developer,2025-06-13T11:51:27,,
docs/developers/reviews/security-review.md,markdown,developer,2025-06-13T11:51:27,,
docs/developers/service-layer-modernization.md,markdown,developer,2025-06-23T22:21:27,,
docs/developers/summaries/docker-build-solution.md,markdown,developer,2025-06-13T11:51:27,,
docs/developers/summaries/documentation-audit-validation-report.md,markdown,developer,2025-06-13T11:51:27,,
docs/developers/summaries/documentation-pipeline-fixes.md,markdown,developer,2025-06-13T11:51:27,,
docs/developers/summaries/implementation-summary.md,markdown,developer,2025-09-22T16:00:06,,
docs/developers/summaries/orchestrator-tests-summary.md,markdown,developer,2025-06-23T22:21:27,,
docs/developers/test-cleanup-plan.md,markdown,developer,2025-09-22T13:05:17,,
docs/developers/test-cleanup-summary.md,markdown,developer,2025-09-22T13:05:17,,
docs/developers/test-execution-guide.md,markdown,developer,2025-09-22T13:06:24,,
docs/developers/test-performance-optimization.md,markdown,developer,2025-09-22T13:06:24,,
docs/developers/testing-best-practices.md,markdown,developer,2025-09-22T13:05:17,,
docs/developers/thread-safety-fixes.md,markdown,developer,2025-09-22T13:05:17,,
docs/dual-mode-architecture.md,markdown,general,2025-09-22T13:05:17,,
docs/index.md,markdown,general,2025-09-22T13:05:17,,
docs/operators/README.md,markdown,operator,2025-09-22T13:05:17,,
docs/operators/config-simplification.md,markdown,operator,2025-09-22T13:05:17,,
docs/operators/configuration-error-handling.md,markdown,operator,2025-09-22T13:05:17,,
docs/operators/configuration-migration-guide.md,markdown,operator,2025-09-22T13:05:17,,
docs/operators/configuration-reloading.md,markdown,operator,2025-09-22T13:05:17,,
docs/operators/configuration.md,markdown,operator,2025-06-13T11:51:27,,
docs/operators/cross-platform-compatibility.md,markdown,operator,2025-09-22T13:05:17,,
docs/operators/database-connection-pool-performance.md,markdown,operator,2025-06-13T11:51:27,,
docs/operators/deployment.md,markdown,operator,2025-09-22T13:05:17,,
docs/operators/monitoring.md,markdown,operator,2025-06-13T11:51:27,,
docs/operators/operations.md,markdown,operator,2025-09-22T16:00:06,,
docs/operators/remaining_tasks/README.md,markdown,operator,2025-09-22T17:53:23,,
docs/operators/remaining_tasks/backlog.md,markdown,operator,2025-09-22T17:05:51,,
docs/operators/remaining_tasks/decision_log.md,markdown,operator,2025-09-22T17:06:04,,
docs/operators/remaining_tasks/migration_notes.md,markdown,operator,2025-09-22T17:06:19,,
docs/operators/remaining_tasks/risk_register.md,markdown,operator,2025-09-22T17:06:11,,
docs/operators/remaining_tasks/traceability.md,markdown,operator,2025-09-22T17:52:18,,
docs/operators/security-architecture.md,markdown,operator,2025-06-23T22:21:27,,
docs/operators/security.md,markdown,operator,2025-09-22T13:06:24,,
docs/operators/windows-compatibility.md,markdown,operator,2025-06-13T11:51:27,,
docs/portfolio/api-documentation.md,markdown,general,2025-09-22T13:05:17,,
docs/portfolio/career-positioning.md,markdown,general,2025-09-22T13:05:17,,
docs/portfolio/interactive-api-explorer.py,python,general,2025-09-22T13:05:17,,
docs/portfolio/performance-analysis.md,markdown,general,2025-09-22T13:05:17,,
docs/portfolio/presentation-guide.md,markdown,general,2025-09-22T13:05:17,,
docs/portfolio/technical-deep-dive.md,markdown,general,2025-09-22T13:05:17,,
docs/reports/doc-modernization/phase0/compliance_candidates.md,markdown,general,2025-09-22T17:43:17,,
docs/reports/doc-modernization/phase0/generator_report.md,markdown,general,2025-09-22T17:43:17,,
docs/reports/doc-modernization/phase0/link_map.json,json,general,2025-09-22T17:43:17,,
docs/reports/doc-modernization/phase0/orphan_candidates.md,markdown,general,2025-09-22T17:43:17,,
docs/reports/doc-modernization/phase0/summary.md,markdown,general,2025-09-22T17:44:00,,
docs/requirements/REQ-TEMPLATE.md,markdown,requirements,2025-09-22T17:45:51,,
docs/requirements/master-requirements.md,markdown,requirements,2025-09-22T17:48:09,,
docs/research/README.md,markdown,general,2025-09-22T16:00:06,,
docs/research/browser-use/README.md,markdown,general,2025-09-22T13:05:17,,
docs/research/browser-use/archive/v1-original/browser-use-0-2-6-analysis.md,markdown,general,2025-06-23T22:21:27,,
docs/research/browser-use/archive/v1-original/browser-use-enhancement-prd.md,markdown,general,2025-06-23T22:21:27,,
docs/research/browser-use/archive/v1-original/comprehensive-todo.md,markdown,general,2025-06-23T22:21:27,,
docs/research/browser-use/archive/v1-original/github-issues.md,markdown,general,2025-06-23T22:21:27,,
docs/research/browser-use/archive/v2-enterprise/browser-use-v2-enterprise-comprehensive-prd.md,markdown,general,2025-06-23T22:21:27,,
docs/research/browser-use/archive/v2-enterprise/browser-use-v2-enterprise-detailed-todo.md,markdown,general,2025-06-23T22:21:27,,
docs/research/browser-use/archive/v2-enterprise/browser-use-v2-enterprise-github-issues.md,markdown,general,2025-06-23T22:21:27,,
docs/research/browser-use/browser-use-v3-solo-dev-master-guide.md,markdown,general,2025-06-23T22:21:27,,
docs/research/browser-use/browser-use-v3-solo-dev-quick-start-plan.md,markdown,general,2025-06-23T22:21:27,,
docs/research/transformation/README.md,markdown,general,2025-09-22T13:05:17,,
docs/roadmap.md,markdown,general,2025-06-13T11:51:27,,
docs/security/compliance-privacy-strategy.md,markdown,security,2025-09-22T13:05:17,,
docs/security/cost-effective-security-tools.md,markdown,security,2025-09-22T13:06:24,,
docs/security/enhanced-security-config-implementation.md,markdown,security,2025-09-22T13:05:17,,
docs/security/essential-security-checklist.md,markdown,security,2025-09-22T13:05:17,,
docs/security/redis-rate-limiting-implementation.md,markdown,security,2025-09-22T13:05:17,,
docs/security/security-architecture-assessment.md,markdown,security,2025-09-22T13:05:17,,
docs/security/security-config-implementation.md,markdown,security,2025-09-22T13:05:17,,
docs/security/security-testing-framework.md,markdown,security,2025-09-22T13:05:17,,
docs/security/security-testing-playbook.md,markdown,security,2025-09-22T13:06:24,,
docs/security/security-validation-report.md,markdown,security,2025-09-22T13:05:17,,
docs/testing/README.md,markdown,qa,2025-09-22T13:05:17,,
docs/testing/modern-test-practices-guide.md,markdown,qa,2025-09-22T13:05:17,,
docs/testing/performance-improvements.md,markdown,qa,2025-09-22T13:05:17,,
docs/testing/pytest-xdist-optimization.md,markdown,qa,2025-09-22T13:05:17,,
docs/testing/quality-metrics-benchmarks.md,markdown,qa,2025-09-22T13:05:17,,
docs/testing/test-infrastructure-documentation.md,markdown,qa,2025-09-22T13:06:24,,
docs/testing/test-migration-guide.md,markdown,qa,2025-09-22T13:05:17,,
docs/testing/test-modernization-completion-report.md,markdown,qa,2025-09-22T13:05:17,,
docs/users/README.md,markdown,general,2025-06-13T11:51:27,,
docs/users/cli-interface.md,markdown,general,2025-06-23T22:21:27,,
docs/users/configuration-management.md,markdown,general,2025-09-22T13:05:17,,
docs/users/content-intelligence.md,markdown,general,2025-06-13T11:51:27,,
docs/users/examples-and-recipes.md,markdown,general,2025-06-13T11:51:27,,
docs/users/quick-start.md,markdown,general,2025-09-22T16:00:06,,
docs/users/search-and-retrieval.md,markdown,general,2025-06-13T11:51:27,,
docs/users/system-overview.md,markdown,general,2025-06-23T22:21:27,,
docs/users/troubleshooting.md,markdown,general,2025-09-22T16:00:06,,
docs/users/web-scraping.md,markdown,general,2025-06-13T11:51:27,,
planning/COMPREHENSIVE_SYNTHESIS_REPORT.md,markdown,pm,2025-09-22T13:05:17,,
planning/MAIN_TRACKING_RESEARCH_REPORT.md,markdown,pm,2025-09-22T13:05:17,,
planning/README.md,markdown,pm,2025-09-22T13:05:17,,
planning/docs/project-context.md,markdown,pm,2025-09-22T13:05:17,,
planning/done/P2/I1_ADVANCED_BROWSER_AUTOMATION_RESEARCH_REPORT.md,markdown,pm,2025-09-22T13:05:17,,
planning/done/P2/I2_AGENTIC_RAG_AUTO_RAG_SELF_HEALING_RESEARCH_REPORT.md,markdown,pm,2025-09-22T13:05:17,,
planning/done/P2/I3_5_TIER_CRAWLING_ENHANCEMENT_RESEARCH_REPORT.md,markdown,pm,2025-09-22T13:05:17,,
planning/done/P2/I4_VECTOR_DATABASE_AGENTIC_MODERNIZATION_REPORT.md,markdown,pm,2025-09-22T13:05:17,,
planning/done/P2/I5_WEB_SEARCH_TOOL_ORCHESTRATION_REPORT.md,markdown,pm,2025-09-22T13:05:17,,
planning/done/P2/J1_ENTERPRISE_AGENTIC_OBSERVABILITY_REPORT.md,markdown,pm,2025-09-22T13:05:17,,
planning/done/P2/J2_AGENTIC_SECURITY_PERFORMANCE_OPTIMIZATION_REPORT.md,markdown,pm,2025-09-22T13:05:17,,
planning/done/P2/J3_DYNAMIC_TOOL_COMPOSITION_ENGINE_REPORT.md,markdown,pm,2025-09-22T13:05:17,,
planning/done/P2/J4_PARALLEL_AGENT_COORDINATION_ARCHITECTURE_REPORT.md,markdown,pm,2025-09-22T13:05:17,,
planning/done/P3/A1_pydantic_ai_integration_analysis.md,markdown,pm,2025-09-22T13:05:17,,
planning/done/P3/A2_pydantic_ai_integration_analysis_dual.md,markdown,pm,2025-09-22T13:05:17,,
planning/done/P3/B1_mcp_framework_optimization_analysis.md,markdown,pm,2025-09-22T13:05:17,,
planning/done/P3/B2_mcp_framework_optimization_dual.md,markdown,pm,2025-09-22T13:05:17,,
planning/done/P3/C1_fastmcp_integration_analysis.md,markdown,pm,2025-09-22T13:05:17,,
planning/done/P3/C2_fastmcp_integration_analysis_dual.md,markdown,pm,2025-09-22T13:05:17,,
planning/master_report.md,markdown,pm,2025-09-22T13:05:17,,
planning/status.json,json,pm,2025-09-22T13:05:17,,
planning/templates/adr-template.md,markdown,pm,2025-09-22T13:05:17,,
planning/templates/agent-report-template.md,markdown,pm,2025-09-22T13:05:17,,
planning/templates/phase-status-template.json,json,pm,2025-09-22T13:05:17,,
src/__init__.py,python,general,2025-09-22T13:05:17,,
src/api/__init__.py,python,general,2025-06-24T13:27:37,,
src/api/app_factory.py,python,general,2025-09-22T13:05:17,,
src/api/main.py,python,general,2025-06-29T20:06:07,,
src/api/routers/__init__.py,python,general,2025-06-29T20:06:07,,
src/api/routers/config.py,python,general,2025-09-22T13:05:17,,
src/api/routers/config_drift.py,python,general,2025-09-22T13:05:17,,
src/api/routers/simple/__init__.py,python,general,2025-06-29T20:06:07,,
src/api/routers/simple/documents.py,python,general,2025-09-22T13:05:17,,
src/api/routers/simple/search.py,python,general,2025-09-22T13:05:17,,
src/architecture/__init__.py,python,general,2025-06-29T20:06:07,,
src/architecture/features.py,python,general,2025-09-22T13:05:17,,
src/architecture/modes.py,python,general,2025-09-22T13:05:17,,
src/architecture/service_factory.py,python,general,2025-09-22T13:05:17,,
src/automation/__init__.py,python,general,2025-06-29T20:06:07,,
src/automation/config_automation.py,python,general,2025-09-22T13:05:17,,
src/automation/infrastructure_automation.py,python,general,2025-09-22T13:05:17,,
src/automation/self_healing/__init__.py,python,general,2025-09-22T13:05:17,,
src/automation/self_healing/auto_remediation_engine.py,python,general,2025-09-22T13:05:17,,
src/automation/self_healing/autonomous_health_monitor.py,python,general,2025-09-22T13:05:17,,
src/automation/self_healing/intelligent_chaos_orchestrator.py,python,general,2025-09-22T13:05:17,,
src/automation/self_healing/predictive_maintenance.py,python,general,2025-09-22T13:05:17,,
src/benchmarks/__init__.py,python,general,2025-06-29T20:06:07,,
src/benchmarks/benchmark_reporter.py,python,general,2025-09-22T13:05:17,,
src/benchmarks/component_benchmarks.py,python,general,2025-06-29T20:06:07,,
src/benchmarks/hybrid_search_benchmark.py,python,general,2025-09-22T13:05:17,,
src/benchmarks/load_test_runner.py,python,general,2025-09-22T13:05:17,,
src/benchmarks/metrics_collector.py,python,general,2025-06-29T20:06:07,,
src/benchmarks/performance_profiler.py,python,general,2025-09-22T13:05:17,,
src/chunking.py,python,general,2025-09-22T13:05:17,,
src/cli/__init__.py,python,general,2025-06-29T20:06:07,,
src/cli/commands/__init__.py,python,general,2025-06-29T20:06:07,,
src/cli/commands/batch.py,python,general,2025-09-22T13:05:17,,
src/cli/commands/config.py,python,general,2025-09-22T13:05:17,,
src/cli/commands/database.py,python,general,2025-09-22T13:05:17,,
src/cli/commands/setup.py,python,general,2025-09-22T16:00:06,,
src/cli/main.py,python,general,2025-09-22T13:05:17,,
src/cli/unified.py,python,general,2025-09-22T16:00:06,,
src/cli/wizard/__init__.py,python,general,2025-06-29T20:06:07,,
src/cli/wizard/audit.py,python,general,2025-09-22T13:05:17,,
src/cli/wizard/profile_manager.py,python,general,2025-06-29T20:06:07,,
src/cli/wizard/template_manager.py,python,general,2025-09-22T13:05:17,,
src/cli/wizard/validators.py,python,general,2025-09-22T13:05:17,,
src/cli_worker.py,python,general,2025-09-22T13:05:17,,
src/config/__init__.py,python,general,2025-09-22T13:05:17,,
src/config/core.py,python,general,2025-09-22T13:05:17,,
src/config/drift.py,python,general,2025-09-22T13:05:17,,
src/config/drift_detection.py,python,general,2025-09-22T13:05:17,,
src/config/modern.py,python,general,2025-09-22T13:05:17,,
src/config/reloader.py,python,general,2025-09-22T13:05:17,,
src/config/security/__init__.py,python,security,2025-09-22T13:05:17,,
src/config/security/config.py,python,security,2025-09-22T13:05:17,,
src/config/settings.py,python,general,2025-09-22T17:30:59,,
src/config/task_queue.py,python,general,2025-09-22T13:05:17,,
src/core/__init__.py,python,general,2025-06-29T20:06:07,,
src/core/constants.py,python,general,2025-06-23T13:07:13,,
src/crawl4ai_bulk_embedder.py,python,general,2025-09-22T13:05:17,,
src/infrastructure/__init__.py,python,general,2025-06-29T20:06:07,,
src/infrastructure/client_manager.py,python,general,2025-09-22T13:05:17,,
src/infrastructure/clients/__init__.py,python,general,2025-06-29T20:06:07,,
src/infrastructure/clients/firecrawl_client.py,python,general,2025-09-22T13:05:17,,
src/infrastructure/clients/http_client.py,python,general,2025-09-22T13:05:17,,
src/infrastructure/clients/openai_client.py,python,general,2025-09-22T13:05:17,,
src/infrastructure/clients/qdrant_client.py,python,general,2025-09-22T13:05:17,,
src/infrastructure/clients/redis_client.py,python,general,2025-09-22T13:05:17,,
src/infrastructure/container.py,python,general,2025-09-22T13:05:17,,
src/infrastructure/database/__init__.py,python,general,2025-06-29T20:06:07,,
src/infrastructure/database/connection_manager.py,python,general,2025-09-22T13:05:17,,
src/infrastructure/database/monitoring.py,python,general,2025-09-22T13:05:17,,
src/infrastructure/shared.py,python,general,2025-09-22T13:05:17,,
src/manage_vector_db.py,python,general,2025-09-22T13:05:17,,
src/mcp_services/__init__.py,python,general,2025-09-22T13:05:17,,
src/mcp_services/analytics_service.py,python,general,2025-09-22T13:05:17,,
src/mcp_services/document_service.py,python,general,2025-09-22T13:05:17,,
src/mcp_services/orchestrator_service.py,python,general,2025-09-22T13:05:17,,
src/mcp_services/search_service.py,python,general,2025-09-22T13:05:17,,
src/mcp_services/system_service.py,python,general,2025-09-22T13:05:17,,
src/mcp_tools/__init__.py,python,general,2025-06-29T20:06:07,,
src/mcp_tools/models/__init__.py,python,general,2025-09-22T13:05:17,,
src/mcp_tools/models/requests.py,python,general,2025-09-22T13:05:17,,
src/mcp_tools/models/responses.py,python,general,2025-09-22T13:05:17,,
src/mcp_tools/tool_registry.py,python,general,2025-09-22T13:05:17,,
src/mcp_tools/tools/__init__.py,python,general,2025-09-22T13:05:17,,
src/mcp_tools/tools/_search_utils.py,python,general,2025-09-22T13:05:17,,
src/mcp_tools/tools/agentic_rag.py,python,general,2025-09-22T13:05:17,,
src/mcp_tools/tools/analytics.py,python,general,2025-09-22T13:05:17,,
src/mcp_tools/tools/cache.py,python,general,2025-06-30T16:14:37,,
src/mcp_tools/tools/collections.py,python,general,2025-06-30T16:14:37,,
src/mcp_tools/tools/configuration.py,python,general,2025-09-22T13:05:17,,
src/mcp_tools/tools/content_intelligence.py,python,general,2025-09-22T13:05:17,,
src/mcp_tools/tools/cost_estimation.py,python,general,2025-09-22T13:05:17,,
src/mcp_tools/tools/crawling.py,python,general,2025-09-22T13:05:17,,
src/mcp_tools/tools/document_management.py,python,general,2025-09-22T13:05:17,,
src/mcp_tools/tools/documents.py,python,general,2025-09-22T13:05:17,,
src/mcp_tools/tools/embeddings.py,python,general,2025-09-22T13:05:17,,
src/mcp_tools/tools/filtering.py,python,general,2025-09-22T13:05:17,,
src/mcp_tools/tools/filtering_tools.py,python,general,2025-09-22T13:05:17,,
src/mcp_tools/tools/helpers/__init__.py,python,general,2025-06-29T20:06:07,,
src/mcp_tools/tools/helpers/pipeline_factory.py,python,general,2025-09-22T13:05:17,,
src/mcp_tools/tools/helpers/response_converter.py,python,general,2025-06-29T20:06:07,,
src/mcp_tools/tools/helpers/tool_registrars.py,python,general,2025-09-22T13:05:17,,
src/mcp_tools/tools/helpers/tool_registrars_additional.py,python,general,2025-09-22T13:05:17,,
src/mcp_tools/tools/helpers/validation_helper.py,python,general,2025-09-22T13:05:17,,
src/mcp_tools/tools/hybrid_search.py,python,general,2025-09-22T13:05:17,,
src/mcp_tools/tools/hyde_search.py,python,general,2025-09-22T13:05:17,,
src/mcp_tools/tools/lightweight_scrape.py,python,general,2025-09-22T13:05:17,,
src/mcp_tools/tools/multi_stage_search.py,python,general,2025-09-22T13:05:17,,
src/mcp_tools/tools/payload_indexing.py,python,general,2025-09-22T13:05:17,,
src/mcp_tools/tools/projects.py,python,general,2025-09-22T13:05:17,,
src/mcp_tools/tools/query_processing.py,python,general,2025-06-29T20:06:07,,
src/mcp_tools/tools/query_processing_tools.py,python,general,2025-09-22T13:05:17,,
src/mcp_tools/tools/rag.py,python,general,2025-09-22T13:05:17,,
src/mcp_tools/tools/search.py,python,general,2025-09-22T13:05:17,,
src/mcp_tools/tools/search_tools.py,python,general,2025-09-22T13:05:17,,
src/mcp_tools/tools/search_with_reranking.py,python,general,2025-09-22T13:05:17,,
src/mcp_tools/tools/system_health.py,python,general,2025-09-22T13:05:17,,
src/mcp_tools/tools/utilities.py,python,general,2025-09-22T13:05:17,,
src/mcp_tools/tools/web_search.py,python,general,2025-09-22T13:05:17,,
src/models/__init__.py,python,general,2025-09-22T13:05:17,,
src/models/api_contracts.py,python,general,2025-09-22T13:05:17,,
src/models/document_processing.py,python,general,2025-09-22T13:05:17,,
src/models/requests.py,python,general,2025-09-22T13:05:17,,
src/models/responses.py,python,general,2025-09-22T13:05:17,,
src/models/validators.py,python,general,2025-09-22T13:05:17,,
src/models/vector_search.py,python,general,2025-09-22T13:05:17,,
src/security.py,python,general,2025-09-22T13:05:17,,
src/security/__init__.py,python,security,2025-06-29T20:06:07,,
src/security/integration_example.py,python,security,2025-09-22T13:05:17,,
src/security/ml_security.py,python,security,2025-09-22T13:05:17,,
src/services/__init__.py,python,general,2025-09-22T13:05:17,,
src/services/agents/__init__.py,python,general,2025-09-22T13:05:17,,
src/services/agents/agentic_orchestrator.py,python,general,2025-09-22T13:05:17,,
src/services/agents/coordination.py,python,general,2025-09-22T13:05:17,,
src/services/agents/core.py,python,general,2025-09-22T13:05:17,,
src/services/agents/dynamic_tool_discovery.py,python,general,2025-09-22T13:05:17,,
src/services/agents/integration.py,python,general,2025-09-22T13:06:24,,
src/services/agents/query_orchestrator.py,python,general,2025-09-22T13:05:17,,
src/services/agents/tool_orchestration.py,python,general,2025-09-22T13:05:17,,
src/services/analytics/__init__.py,python,general,2025-09-22T13:05:17,,
src/services/analytics/search_dashboard.py,python,general,2025-09-22T13:05:17,,
src/services/analytics/vector_visualization.py,python,general,2025-09-22T13:05:17,,
src/services/auto_detection/__init__.py,python,general,2025-09-22T13:05:17,,
src/services/auto_detection/connection_pools.py,python,general,2025-09-22T13:05:17,,
src/services/auto_detection/health_checks.py,python,general,2025-09-22T13:06:24,,
src/services/auto_detection/service_discovery.py,python,general,2025-09-22T13:06:24,,
src/services/base.py,python,general,2025-06-29T20:06:07,,
src/services/browser/__init__.py,python,general,2025-06-29T20:06:07,,
src/services/browser/action_schemas.py,python,general,2025-09-22T13:05:17,,
src/services/browser/anti_detection.py,python,general,2025-09-22T13:05:17,,
src/services/browser/automation_router.py,python,general,2025-09-22T13:05:17,,
src/services/browser/browser_router.py,python,general,2025-09-22T13:05:17,,
src/services/browser/browser_use_adapter.py,python,general,2025-09-22T13:05:17,,
src/services/browser/crawl4ai_adapter.py,python,general,2025-09-22T13:05:17,,
src/services/browser/lightweight_scraper.py,python,general,2025-09-22T13:05:17,,
src/services/browser/monitoring.py,python,general,2025-09-22T13:05:17,,
src/services/browser/playwright_adapter.py,python,general,2025-09-22T13:05:17,,
src/services/browser/tier_config.py,python,general,2025-09-22T13:05:17,,
src/services/browser/tier_rate_limiter.py,python,general,2025-09-22T13:05:17,,
src/services/browser/unified_manager.py,python,general,2025-09-22T13:05:17,,
src/services/circuit_breaker/__init__.py,python,general,2025-09-22T13:05:17,,
src/services/circuit_breaker/modern.py,python,general,2025-09-22T13:05:17,,
src/services/config_drift_service.py,python,general,2025-09-22T13:05:17,,
src/services/content_intelligence/__init__.py,python,general,2025-06-29T20:06:07,,
src/services/content_intelligence/adapters.py,python,general,2025-09-22T13:05:17,,
src/services/content_intelligence/classifiers.py,python,general,2025-09-22T13:05:17,,
src/services/content_intelligence/metadata_extractor.py,python,general,2025-06-29T20:06:07,,
src/services/content_intelligence/models.py,python,general,2025-06-23T22:21:27,,
src/services/content_intelligence/quality_assessor.py,python,general,2025-09-22T13:05:17,,
src/services/content_intelligence/service.py,python,general,2025-09-22T13:05:17,,
src/services/core/__init__.py,python,general,2025-06-29T20:06:07,,
src/services/core/project_storage.py,python,general,2025-06-29T20:06:07,,
src/services/core/qdrant_alias_manager.py,python,general,2025-09-22T13:05:17,,
src/services/crawling/__init__.py,python,general,2025-06-29T20:06:07,,
src/services/crawling/base.py,python,general,2025-06-29T20:06:07,,
src/services/crawling/crawl4ai_provider.py,python,general,2025-09-22T13:05:17,,
src/services/crawling/extractors.py,python,general,2025-06-29T20:06:07,,
src/services/crawling/firecrawl_provider.py,python,general,2025-09-22T13:05:17,,
src/services/crawling/lightweight_scraper.py,python,general,2025-09-22T13:05:17,,
src/services/crawling/manager.py,python,general,2025-09-22T13:05:17,,
src/services/dependencies.py,python,general,2025-09-22T13:05:17,,
src/services/deployment/__init__.py,python,general,2025-06-29T20:06:07,,
src/services/deployment/ab_testing.py,python,general,2025-09-22T13:05:17,,
src/services/deployment/blue_green.py,python,general,2025-09-22T13:05:17,,
src/services/deployment/canary.py,python,general,2025-09-22T13:05:17,,
src/services/deployment/feature_flags.py,python,general,2025-09-22T13:05:17,,
src/services/deployment/models.py,python,general,2025-06-29T20:06:07,,
src/services/embeddings/__init__.py,python,general,2025-06-29T20:06:07,,
src/services/embeddings/base.py,python,general,2025-06-29T20:06:07,,
src/services/embeddings/fastembed_provider.py,python,general,2025-09-22T13:05:17,,
src/services/embeddings/manager.py,python,general,2025-09-22T13:05:17,,
src/services/embeddings/openai_provider.py,python,general,2025-09-22T13:05:17,,
src/services/embeddings/parallel.py,python,general,2025-09-22T13:05:17,,
src/services/enterprise/__init__.py,python,general,2025-09-22T13:05:17,,
src/services/enterprise/cache.py,python,general,2025-09-22T13:05:17,,
src/services/enterprise/integration.py,python,general,2025-09-22T13:05:17,,
src/services/enterprise/search.py,python,general,2025-09-22T13:05:17,,
src/services/errors.py,python,general,2025-09-22T13:05:17,,
src/services/fastapi/__init__.py,python,general,2025-06-29T20:06:07,,
src/services/fastapi/background.py,python,general,2025-09-22T13:05:17,,
src/services/fastapi/dependencies/__init__.py,python,general,2025-06-29T20:06:07,,
src/services/fastapi/dependencies/core.py,python,general,2025-09-22T13:05:17,,
src/services/fastapi/middleware/__init__.py,python,general,2025-06-29T20:06:07,,
src/services/fastapi/middleware/compression.py,python,general,2025-09-22T13:05:17,,
src/services/fastapi/middleware/correlation.py,python,general,2025-06-29T20:06:07,,
src/services/fastapi/middleware/manager.py,python,general,2025-09-22T13:05:17,,
src/services/fastapi/middleware/performance.py,python,general,2025-09-22T13:05:17,,
src/services/fastapi/middleware/security.py,python,general,2025-09-22T13:05:17,,
src/services/fastapi/middleware/timeout.py,python,general,2025-09-22T13:05:17,,
src/services/fastapi/middleware/tracing.py,python,general,2025-09-22T13:05:17,,
src/services/fastapi/production_server.py,python,general,2025-09-22T13:05:17,,
src/services/fastapi/routers/__init__.py,python,general,2025-09-22T13:05:17,,
src/services/fastapi/routers/rag.py,python,general,2025-09-22T13:05:17,,
src/services/functional/__init__.py,python,general,2025-09-22T13:05:17,,
src/services/functional/cache.py,python,general,2025-09-22T13:05:17,,
src/services/functional/circuit_breaker.py,python,general,2025-09-22T13:05:17,,
src/services/functional/crawling.py,python,general,2025-09-22T13:05:17,,
src/services/functional/dependencies.py,python,general,2025-09-22T13:05:17,,
src/services/functional/embeddings.py,python,general,2025-09-22T13:05:17,,
src/services/hyde/__init__.py,python,general,2025-06-29T20:06:07,,
src/services/hyde/cache.py,python,general,2025-09-22T13:05:17,,
src/services/hyde/config.py,python,general,2025-06-29T20:06:07,,
src/services/hyde/engine.py,python,general,2025-09-22T13:05:17,,
src/services/hyde/generator.py,python,general,2025-09-22T13:05:17,,
src/services/integration/__init__.py,python,general,2025-09-22T13:05:17,,
src/services/integration/modern_examples.py,python,general,2025-09-22T13:05:17,,
src/services/logging_config.py,python,general,2025-06-29T20:06:07,,
src/services/managers/__init__.py,python,general,2025-06-29T20:06:07,,
src/services/managers/crawling_manager.py,python,general,2025-09-22T13:05:17,,
src/services/managers/database_manager.py,python,general,2025-09-22T13:05:17,,
src/services/managers/embedding_manager.py,python,general,2025-09-22T13:05:17,,
src/services/managers/monitoring_manager.py,python,general,2025-09-22T13:05:17,,
src/services/middleware/__init__.py,python,general,2025-09-22T13:05:17,,
src/services/middleware/rate_limiting.py,python,general,2025-09-22T13:05:17,,
src/services/migration/__init__.py,python,general,2025-09-22T13:05:17,,
src/services/migration/library_migration.py,python,general,2025-09-22T13:05:17,,
src/services/monitoring/__init__.py,python,general,2025-06-29T20:06:07,,
src/services/monitoring/health.py,python,general,2025-09-22T13:05:17,,
src/services/monitoring/initialization.py,python,general,2025-09-22T13:05:17,,
src/services/monitoring/metrics.py,python,general,2025-09-22T13:05:17,,
src/services/monitoring/middleware.py,python,general,2025-09-22T13:05:17,,
src/services/monitoring/performance_monitor.py,python,general,2025-09-22T13:05:17,,
src/services/observability/__init__.py,python,general,2025-09-22T13:05:17,,
src/services/observability/ai_tracking.py,python,general,2025-09-22T16:58:16,,
src/services/observability/config.py,python,general,2025-09-22T17:37:00,,
src/services/observability/config_instrumentation.py,python,general,2025-09-22T13:05:17,,
src/services/observability/config_performance.py,python,general,2025-06-29T20:06:07,,
src/services/observability/correlation.py,python,general,2025-09-22T16:48:38,,
src/services/observability/dependencies.py,python,general,2025-09-22T17:36:39,,
src/services/observability/enterprise.py,python,general,2025-09-22T13:05:17,,
src/services/observability/init.py,python,general,2025-09-22T17:17:50,,
src/services/observability/instrumentation.py,python,general,2025-09-22T17:18:58,,
src/services/observability/metrics_bridge.py,python,general,2025-09-22T17:16:00,,
src/services/observability/middleware.py,python,general,2025-09-22T17:24:35,,
src/services/observability/mock_telemetry.py,python,general,2025-09-22T16:41:22,,
src/services/observability/performance.py,python,general,2025-09-22T13:05:17,,
src/services/observability/telemetry_helpers.py,python,general,2025-09-22T17:17:41,,
src/services/observability/tracking.py,python,general,2025-09-22T17:38:49,,
src/services/performance/__init__.py,python,general,2025-09-22T13:05:17,,
src/services/processing/__init__.py,python,general,2025-06-29T20:06:07,,
src/services/processing/algorithms.py,python,general,2025-09-22T13:05:17,,
src/services/processing/batch_optimizer.py,python,general,2025-09-22T13:05:17,,
src/services/processing/parallel_integration.py,python,general,2025-09-22T13:05:17,,
src/services/query_processing/__init__.py,python,general,2025-06-29T20:06:07,,
src/services/query_processing/clustering.py,python,general,2025-09-22T13:05:17,,
src/services/query_processing/expansion.py,python,general,2025-09-22T13:05:17,,
src/services/query_processing/federated.py,python,general,2025-09-22T13:05:17,,
src/services/query_processing/intent_classifier.py,python,general,2025-09-22T13:05:17,,
src/services/query_processing/models.py,python,general,2025-06-23T22:21:27,,
src/services/query_processing/orchestrator.py,python,general,2025-09-22T13:05:17,,
src/services/query_processing/pipeline.py,python,general,2025-09-22T13:05:17,,
src/services/query_processing/preprocessor.py,python,general,2025-09-22T13:05:17,,
src/services/query_processing/ranking.py,python,general,2025-09-22T13:05:17,,
src/services/query_processing/strategy_selector.py,python,general,2025-06-29T20:06:07,,
src/services/rag/__init__.py,python,general,2025-06-29T20:06:07,,
src/services/rag/generator.py,python,general,2025-09-22T13:05:17,,
src/services/rag/models.py,python,general,2025-06-23T22:21:27,,
src/services/security/__init__.py,python,security,2025-06-29T20:06:07,,
src/services/security/ai_security.py,python,security,2025-09-22T13:05:17,,
src/services/security/integration.py,python,security,2025-09-22T13:05:17,,
src/services/security/middleware.py,python,security,2025-09-22T13:05:17,,
src/services/security/monitoring.py,python,security,2025-09-22T13:05:17,,
src/services/security/rate_limiter.py,python,security,2025-09-22T13:05:17,,
src/services/simple/__init__.py,python,general,2025-06-29T20:06:07,,
src/services/simple/cache.py,python,general,2025-09-22T13:05:17,,
src/services/simple/search.py,python,general,2025-09-22T13:05:17,,
src/services/task_queue/__init__.py,python,general,2025-06-29T20:06:07,,
src/services/task_queue/manager.py,python,general,2025-09-22T13:05:17,,
src/services/task_queue/tasks.py,python,general,2025-09-22T13:05:17,,
src/services/task_queue/worker.py,python,general,2025-09-22T13:05:17,,
src/services/utilities/__init__.py,python,general,2025-06-29T20:06:07,,
src/services/utilities/hnsw_optimizer.py,python,general,2025-09-22T13:05:17,,
src/services/utilities/rate_limiter.py,python,general,2025-06-29T20:06:07,,
src/services/vector_db/__init__.py,python,general,2025-09-22T13:05:17,,
src/services/vector_db/adaptive_fusion_tuner.py,python,general,2025-09-22T13:05:17,,
src/services/vector_db/agentic_manager.py,python,general,2025-09-22T13:05:17,,
src/services/vector_db/collections.py,python,general,2025-09-22T13:05:17,,
src/services/vector_db/documents.py,python,general,2025-09-22T13:05:17,,
src/services/vector_db/filters/__init__.py,python,general,2025-06-29T20:06:07,,
src/services/vector_db/filters/base.py,python,general,2025-09-22T13:05:17,,
src/services/vector_db/filters/composer.py,python,general,2025-09-22T13:05:17,,
src/services/vector_db/filters/content_type.py,python,general,2025-09-22T13:05:17,,
src/services/vector_db/filters/metadata.py,python,general,2025-09-22T13:05:17,,
src/services/vector_db/filters/similarity.py,python,general,2025-09-22T13:05:17,,
src/services/vector_db/filters/temporal.py,python,general,2025-09-22T13:05:17,,
src/services/vector_db/hybrid_search.py,python,general,2025-09-22T13:05:17,,
src/services/vector_db/indexing.py,python,general,2025-09-22T13:05:17,,
src/services/vector_db/model_selector.py,python,general,2025-09-22T13:05:17,,
src/services/vector_db/optimization.py,python,general,2025-09-22T13:05:17,,
src/services/vector_db/qdrant_manager.py,python,general,2025-06-24T13:27:37,,
src/services/vector_db/query_classifier.py,python,general,2025-09-22T13:05:17,,
src/services/vector_db/search.py,python,general,2025-09-22T13:05:17,,
src/services/vector_db/service.py,python,general,2025-09-22T13:05:17,,
src/services/vector_db/splade_provider.py,python,general,2025-09-22T13:05:17,,
src/services/vector_db/utils.py,python,general,2025-06-29T20:06:07,,
src/unified_mcp_server.py,python,general,2025-09-22T13:05:17,,
src/utils.py,python,general,2025-09-22T13:05:17,,
src/utils/__init__.py,python,general,2025-06-29T20:06:07,,
src/utils/cross_platform.py,python,general,2025-06-29T20:06:07,,
src/utils/health_checks.py,python,general,2025-09-22T13:05:17,,
src/utils/imports.py,python,general,2025-06-23T13:07:13,,
tests/.coordinator/progress.json,json,qa,2025-09-22T13:05:17,,
tests/.coordinator/state.json,json,qa,2025-09-22T13:05:17,,
tests/TEST_CLEANUP_ACTION_PLAN.md,markdown,qa,2025-09-22T15:30:25,,
tests/TEST_PATTERNS_STYLE_GUIDE.md,markdown,qa,2025-09-22T16:00:06,,
tests/__init__.py,python,qa,2025-09-22T11:15:25,,
tests/benchmarks/README.md,markdown,qa,2025-09-22T16:00:06,,
tests/benchmarks/__init__.py,python,qa,2025-06-24T13:14:31,,
tests/benchmarks/performance_suite.py,python,qa,2025-09-22T13:06:24,,
tests/benchmarks/test_config_caching.py,python,qa,2025-09-22T13:05:17,,
tests/benchmarks/test_config_performance.py,python,qa,2025-09-22T13:06:24,,
tests/benchmarks/test_config_reload_performance.py,python,qa,2025-09-22T13:06:24,,
tests/benchmarks/test_database_performance.py,python,qa,2025-09-22T13:06:24,,
tests/ci/__init__.py,python,qa,2025-09-22T13:06:24,,
tests/ci/performance_reporter.py,python,qa,2025-09-22T13:06:24,,
tests/ci/pytest_xdist_config.py,python,qa,2025-09-22T13:06:24,,
tests/ci/test_environments.py,python,qa,2025-09-22T13:06:24,,
tests/ci/test_isolation.py,python,qa,2025-09-22T16:00:06,,
tests/ci/test_parallel_execution.py,python,qa,2025-09-22T16:00:06,,
tests/conftest.py,python,qa,2025-09-22T16:00:06,,
tests/conftest_cli.py,python,qa,2025-09-22T16:00:06,,
tests/data_quality/README.md,markdown,qa,2025-09-22T15:30:25,,
tests/data_quality/__init__.py,python,qa,2025-06-24T13:14:31,,
tests/data_quality/conftest.py,python,qa,2025-09-22T13:05:18,,
tests/examples/__init__.py,python,qa,2025-09-22T13:05:18,,
tests/examples/test_modern_async_patterns.py,python,qa,2025-09-22T13:06:24,,
tests/examples/test_pattern_examples.py,python,qa,2025-09-22T13:05:18,,
tests/fixtures/__init__.py,python,qa,2025-09-22T13:05:18,,
tests/fixtures/async_fixtures.py,python,qa,2025-09-22T13:06:24,,
tests/fixtures/async_http_utilities.py,python,qa,2025-09-22T13:05:18,,
tests/fixtures/async_isolation.py,python,qa,2025-09-22T13:06:24,,
tests/fixtures/external_services.py,python,qa,2025-09-22T13:06:24,,
tests/fixtures/mock_factories.py,python,qa,2025-09-22T13:06:24,,
tests/fixtures/parallel_config.py,python,qa,2025-09-22T13:06:24,,
tests/fixtures/test_data.py,python,qa,2025-09-22T13:06:24,,
tests/integration/README.md,markdown,qa,2025-09-22T16:00:06,,
tests/integration/__init__.py,python,qa,2025-06-24T13:14:31,,
tests/integration/ai/__init__.py,python,qa,2025-09-22T13:05:18,,
tests/integration/ai/test_rag_pipeline_integration.py,python,qa,2025-09-22T13:05:18,,
tests/integration/end_to_end/README.md,markdown,qa,2025-09-22T15:30:25,,
tests/integration/end_to_end/__init__.py,python,qa,2025-06-24T13:14:31,,
tests/integration/end_to_end/api_flows/__init__.py,python,qa,2025-09-22T13:05:18,,
tests/integration/end_to_end/api_flows/conftest.py,python,qa,2025-09-22T13:05:18,,
tests/integration/end_to_end/api_flows/test_api_workflow_validation.py,python,qa,2025-09-22T13:05:18,,
tests/integration/end_to_end/browser_automation/__init__.py,python,qa,2025-09-22T13:05:18,,
tests/integration/end_to_end/browser_automation/conftest.py,python,qa,2025-09-22T13:05:18,,
tests/integration/end_to_end/browser_automation/test_browser_user_journeys.py,python,qa,2025-09-22T13:05:18,,
tests/integration/end_to_end/system_integration/__init__.py,python,qa,2025-09-22T13:05:18,,
tests/integration/end_to_end/system_integration/test_end_to_end_integration.py,python,qa,2025-09-22T13:05:18,,
tests/integration/end_to_end/user_journeys/__init__.py,python,qa,2025-09-22T13:05:18,,
tests/integration/end_to_end/user_journeys/conftest.py,python,qa,2025-09-22T13:05:18,,
tests/integration/end_to_end/user_journeys/test_complete_user_journeys.py,python,qa,2025-09-22T13:05:18,,
tests/integration/end_to_end/workflow_testing/__init__.py,python,qa,2025-09-22T13:05:18,,
tests/integration/end_to_end/workflow_testing/test_system_workflows.py,python,qa,2025-09-22T13:05:18,,
tests/integration/mcp_services/README.md,markdown,qa,2025-09-22T15:30:25,,
tests/integration/mcp_services/__init__.py,python,qa,2025-09-22T13:05:18,,
tests/integration/mcp_services/test_mcp_services_e2e.py,python,qa,2025-09-22T13:05:18,,
tests/integration/mcp_services/test_mcp_services_integration.py,python,qa,2025-09-22T13:05:18,,
tests/integration/multi_agent/__init__.py,python,qa,2025-09-22T13:05:18,,
tests/integration/multi_agent/conftest.py,python,qa,2025-09-22T13:05:18,,
tests/integration/multi_agent/test_coordination_patterns.py,python,qa,2025-09-22T13:05:18,,
tests/integration/multi_agent/test_distributed_workflows.py,python,qa,2025-09-22T13:05:18,,
tests/integration/multi_agent/test_performance_optimization.py,python,qa,2025-09-22T13:05:18,,
tests/integration/multi_agent/test_result_fusion.py,python,qa,2025-09-22T13:05:18,,
tests/integration/multi_agent/test_state_synchronization.py,python,qa,2025-09-22T13:05:18,,
tests/integration/services/__init__.py,python,qa,2025-09-22T13:05:18,,
tests/integration/services/test_cross_service_data_flow.py,python,qa,2025-09-22T13:05:18,,
tests/integration/services/test_distributed_system_resilience.py,python,qa,2025-09-22T13:05:18,,
tests/integration/services/test_service_contract_validation.py,python,qa,2025-09-22T13:05:18,,
tests/integration/services/test_service_interactions.py,python,qa,2025-09-22T13:05:18,,
tests/integration/services/test_service_observability_integration.py,python,qa,2025-09-22T13:06:24,,
tests/integration/test_concurrent_config.py,python,qa,2025-09-22T13:05:18,,
tests/integration/test_config_error_scenarios.py,python,qa,2025-09-22T13:05:18,,
tests/integration/test_config_load_stress.py,python,qa,2025-09-22T13:05:18,,
tests/integration/test_mcp_edge_cases.py,python,qa,2025-09-22T13:06:24,,
tests/integration/test_mcp_performance_benchmarks.py,python,qa,2025-09-22T13:06:24,,
tests/integration/test_mcp_protocol_e2e.py,python,qa,2025-09-22T13:06:24,,
tests/integration/test_monitoring_e2e.py,python,qa,2025-09-22T13:05:18,,
tests/integration/test_observability_integration.py,python,qa,2025-09-22T16:29:44,,
tests/integration/test_parallel_processing_integration.py,python,qa,2025-09-22T13:06:24,,
tests/integration/test_query_processing_integration.py,python,qa,2025-09-22T13:05:18,,
tests/integration/test_rag_integration.py,python,qa,2025-06-29T20:06:07,,
tests/integration/test_unified_agentic_system.py,python,qa,2025-09-22T13:05:18,,
tests/load/README.md,markdown,qa,2025-09-22T15:30:25,,
tests/load/__init__.py,python,qa,2025-06-24T13:14:32,,
tests/load/base_load_test.py,python,qa,2025-09-22T13:05:18,,
tests/load/conftest.py,python,qa,2025-09-22T13:05:18,,
tests/load/endurance_testing/__init__.py,python,qa,2025-09-22T13:05:18,,
tests/load/endurance_testing/test_endurance_load.py,python,qa,2025-09-22T13:05:18,,
tests/load/load_profiles.py,python,qa,2025-06-29T20:06:07,,
tests/load/load_testing/__init__.py,python,qa,2025-09-22T13:05:18,,
tests/load/load_testing/test_concurrent_users.py,python,qa,2025-09-22T13:05:18,,
tests/load/load_testing/test_normal_load.py,python,qa,2025-09-22T13:05:18,,
tests/load/locust_load_runner.py,python,qa,2025-09-22T13:05:18,,
tests/load/run_load_tests.py,python,qa,2025-09-22T13:05:18,,
tests/load/scalability/__init__.py,python,qa,2025-09-22T13:05:18,,
tests/load/scalability/test_scalability_load.py,python,qa,2025-09-22T16:00:06,,
tests/load/spike_testing/__init__.py,python,qa,2025-09-22T13:05:18,,
tests/load/spike_testing/test_spike_load.py,python,qa,2025-09-22T13:05:18,,
tests/load/stress_testing/README.md,markdown,qa,2025-09-22T15:30:25,,
tests/load/stress_testing/__init__.py,python,qa,2025-06-24T13:14:32,,
tests/load/stress_testing/conftest.py,python,qa,2025-09-22T13:05:18,,
tests/load/stress_testing/test_breaking_point.py,python,qa,2025-09-22T13:05:18,,
tests/load/stress_testing/test_breaking_points.py,python,qa,2025-09-22T13:05:18,,
tests/load/stress_testing/test_circuit_breakers.py,python,qa,2025-09-22T13:05:18,,
tests/load/stress_testing/test_resource_exhaustion.py,python,qa,2025-09-22T13:05:18,,
tests/load/stress_testing/test_stress_load.py,python,qa,2025-09-22T13:05:18,,
tests/load/stress_testing/test_stress_scenarios.py,python,qa,2025-09-22T13:05:18,,
tests/load/stress_testing/test_system_monitoring.py,python,qa,2025-09-22T13:05:18,,
tests/load/volume_testing/__init__.py,python,qa,2025-09-22T13:05:18,,
tests/load/volume_testing/test_volume_load.py,python,qa,2025-09-22T13:05:18,,
tests/mocks/__init__.py,python,qa,2025-06-24T13:14:31,,
tests/mocks/mock_tools.py,python,qa,2025-09-22T13:05:18,,
tests/performance/README.md,markdown,qa,2025-09-22T15:30:25,,
tests/performance/__init__.py,python,qa,2025-09-22T13:05:18,,
tests/performance/conftest.py,python,qa,2025-09-22T13:05:18,,
tests/performance/test_performance_fixtures.py,python,qa,2025-09-22T13:05:18,,
tests/performance/test_performance_targets.py,python,qa,2025-09-22T13:06:24,,
tests/performance/test_search_performance.py,python,qa,2025-09-22T13:05:18,,
tests/property/__init__.py,python,qa,2025-06-29T20:06:07,,
tests/property/conftest.py,python,qa,2025-06-29T20:06:07,,
tests/property/strategies.py,python,qa,2025-09-22T13:05:18,,
tests/property/test_config_schemas.py,python,qa,2025-09-22T13:05:18,,
tests/scripts/README.md,markdown,qa,2025-09-22T15:30:25,,
tests/scripts/parallel_coordinator.py,python,qa,2025-09-22T13:05:18,,
tests/scripts/rename_antipattern_files.py,python,qa,2025-09-22T13:05:18,,
tests/scripts/validate_test_quality.py,python,qa,2025-09-22T13:05:18,,
tests/security/README.md,markdown,security,2025-09-22T16:00:06,,
tests/security/SECURITY_TESTING_PLAYBOOK.md,markdown,security,2025-09-22T15:30:25,,
tests/security/__init__.py,python,security,2025-06-24T13:14:31,,
tests/security/authentication/__init__.py,python,security,2025-09-22T13:05:18,,
tests/security/authentication/test_jwt_security.py,python,security,2025-09-22T13:05:18,,
tests/security/authorization/__init__.py,python,security,2025-09-22T13:05:18,,
tests/security/authorization/test_access_control.py,python,security,2025-09-22T13:05:18,,
tests/security/compliance/__init__.py,python,security,2025-09-22T13:05:18,,
tests/security/compliance/test_owasp_top10.py,python,security,2025-09-22T16:00:06,,
tests/security/conftest.py,python,security,2025-09-22T13:05:18,,
tests/security/encryption/__init__.py,python,security,2025-09-22T13:05:18,,
tests/security/encryption/test_data_protection.py,python,security,2025-09-22T16:00:06,,
tests/security/input_validation/__init__.py,python,security,2025-09-22T13:05:18,,
tests/security/input_validation/test_command_injection.py,python,security,2025-09-22T13:05:18,,
tests/security/input_validation/test_sql_injection.py,python,security,2025-09-22T13:05:18,,
tests/security/input_validation/test_xss_prevention.py,python,security,2025-09-22T13:06:24,,
tests/security/penetration/__init__.py,python,security,2025-09-22T13:05:18,,
tests/security/penetration/test_api_security.py,python,security,2025-09-22T16:00:06,,
tests/security/penetration/test_vector_penetration.py,python,security,2025-09-22T13:05:18,,
tests/security/run_security_tests.py,python,security,2025-09-22T13:05:18,,
tests/security/test_api_security.py,python,security,2025-09-22T16:00:06,,
tests/security/test_redis_rate_limiting.py,python,security,2025-09-22T13:06:24,,
tests/security/test_security_fixtures.py,python,security,2025-06-29T20:06:07,,
tests/security/test_vector_security.py,python,security,2025-09-22T13:05:18,,
tests/security/validate_security_framework.py,python,security,2025-09-22T13:05:18,,
tests/security/validate_security_tests.py,python,security,2025-09-22T13:05:18,,
tests/security/vulnerability/__init__.py,python,security,2025-09-22T13:05:18,,
tests/security/vulnerability/test_dependency_scanning.py,python,security,2025-09-22T13:06:24,,
tests/test_infrastructure.py,python,qa,2025-09-22T16:00:06,,
tests/unit/README.md,markdown,qa,2025-09-22T15:30:25,,
tests/unit/__init__.py,python,qa,2025-06-24T13:14:32,,
tests/unit/ai/__init__.py,python,qa,2025-09-22T13:05:18,,
tests/unit/ai/test_embedding_properties.py,python,qa,2025-09-22T13:05:18,,
tests/unit/architecture/__init__.py,python,qa,2025-06-29T20:06:07,,
tests/unit/architecture/test_dual_mode.py,python,qa,2025-09-22T13:05:18,,
tests/unit/cli/__init__.py,python,qa,2025-06-24T13:14:32,,
tests/unit/cli/commands/__init__.py,python,qa,2025-06-24T13:14:32,,
tests/unit/cli/commands/test_batch.py,python,qa,2025-09-22T13:05:18,,
tests/unit/cli/commands/test_config.py,python,qa,2025-09-22T13:05:18,,
tests/unit/cli/commands/test_database.py,python,qa,2025-06-29T20:06:07,,
tests/unit/cli/commands/test_setup.py,python,qa,2025-09-22T13:05:18,,
tests/unit/cli/conftest.py,python,qa,2025-09-22T13:06:24,,
tests/unit/cli/test_main.py,python,qa,2025-09-22T13:05:18,,
tests/unit/cli/wizard/__init__.py,python,qa,2025-09-22T13:05:18,,
tests/unit/config/__init__.py,python,qa,2025-09-22T13:05:18,,
tests/unit/config/security/__init__.py,python,security,2025-09-22T13:05:18,,
tests/unit/config/test_config_async_validation.py,python,qa,2025-09-22T13:05:18,,
tests/unit/config/test_config_models_complete.py,python,qa,2025-09-22T13:05:18,,
tests/unit/config/test_observability_automation.py,python,qa,2025-09-22T13:05:18,,
tests/unit/core/__init__.py,python,qa,2025-09-22T13:05:18,,
tests/unit/core/test_constants.py,python,qa,2025-09-22T13:05:18,,
tests/unit/framework/__init__.py,python,qa,2025-09-22T13:05:18,,
tests/unit/infrastructure/__init__.py,python,qa,2025-09-22T13:05:18,,
tests/unit/infrastructure/test_client_manager.py,python,qa,2025-09-22T13:05:18,,
tests/unit/infrastructure/test_http_mocking_patterns.py,python,qa,2025-09-22T13:05:18,,
tests/unit/infrastructure/test_pydantic_settings_patterns.py,python,qa,2025-09-22T13:05:18,,
tests/unit/infrastructure/test_watchdog_integration.py,python,qa,2025-09-22T13:05:18,,
tests/unit/mcp_services/README.md,markdown,qa,2025-09-22T15:30:25,,
tests/unit/mcp_services/__init__.py,python,qa,2025-09-22T13:05:18,,
tests/unit/mcp_services/conftest.py,python,qa,2025-09-22T13:06:24,,
tests/unit/mcp_services/test_analytics_service.py,python,qa,2025-09-22T13:05:18,,
tests/unit/mcp_services/test_document_service.py,python,qa,2025-09-22T13:05:18,,
tests/unit/mcp_services/test_orchestrator_service.py,python,qa,2025-09-22T13:05:18,,
tests/unit/mcp_services/test_search_service.py,python,qa,2025-09-22T13:05:18,,
tests/unit/mcp_services/test_system_service.py,python,qa,2025-09-22T13:05:18,,
tests/unit/mcp_services/test_unified_mcp_server.py,python,qa,2025-09-22T13:06:24,,
tests/unit/mcp_tools/__init__.py,python,qa,2025-09-22T13:05:18,,
tests/unit/mcp_tools/models/test_requests.py,python,qa,2025-09-22T13:05:18,,
tests/unit/mcp_tools/models/test_responses.py,python,qa,2025-06-29T20:06:07,,
tests/unit/mcp_tools/test_context_typing.py,python,qa,2025-09-22T13:05:18,,
tests/unit/mcp_tools/test_tool_registry.py,python,qa,2025-09-22T13:06:24,,
tests/unit/mcp_tools/tools/__init__.py,python,qa,2025-09-22T13:05:18,,
tests/unit/mcp_tools/tools/__init___helpers.py,python,qa,2025-09-22T13:05:18,,
tests/unit/mcp_tools/tools/test_agentic_rag.py,python,qa,2025-09-22T13:05:18,,
tests/unit/mcp_tools/tools/test_analytics.py,python,qa,2025-06-29T20:06:07,,
tests/unit/mcp_tools/tools/test_cache.py,python,qa,2025-06-29T20:06:07,,
tests/unit/mcp_tools/tools/test_collections.py,python,qa,2025-09-22T13:05:18,,
tests/unit/mcp_tools/tools/test_configuration.py,python,qa,2025-09-22T13:05:18,,
tests/unit/mcp_tools/tools/test_content_intelligence.py,python,qa,2025-09-22T13:05:18,,
tests/unit/mcp_tools/tools/test_documents.py,python,qa,2025-09-22T13:05:18,,
tests/unit/mcp_tools/tools/test_embeddings.py,python,qa,2025-09-22T13:05:18,,
tests/unit/mcp_tools/tools/test_filtering_tools.py,python,qa,2025-09-22T13:05:18,,
tests/unit/mcp_tools/tools/test_hybrid_search.py,python,qa,2025-09-22T13:05:18,,
tests/unit/mcp_tools/tools/test_lightweight_scrape.py,python,qa,2025-09-22T13:06:24,,
tests/unit/mcp_tools/tools/test_payload_indexing.py,python,qa,2025-06-29T20:06:07,,
tests/unit/mcp_tools/tools/test_pipeline_factory_helpers.py,python,qa,2025-09-22T13:05:18,,
tests/unit/mcp_tools/tools/test_projects.py,python,qa,2025-09-22T13:06:24,,
tests/unit/mcp_tools/tools/test_query_processing_refactored.py,python,qa,2025-09-22T13:05:18,,
tests/unit/mcp_tools/tools/test_response_converter_helpers.py,python,qa,2025-09-22T13:05:18,,
tests/unit/mcp_tools/tools/test_search.py,python,qa,2025-06-29T20:06:07,,
tests/unit/mcp_tools/tools/test_search_tools.py,python,qa,2025-09-22T13:05:18,,
tests/unit/mcp_tools/tools/test_search_utils.py,python,qa,2025-09-22T13:06:24,,
tests/unit/mcp_tools/tools/test_tool_registrars_helpers.py,python,qa,2025-09-22T13:05:18,,
tests/unit/mcp_tools/tools/test_utilities.py,python,qa,2025-06-29T20:06:07,,
tests/unit/mcp_tools/tools/test_validation_helper_helpers.py,python,qa,2025-09-22T13:05:18,,
tests/unit/mcp_tools/tools/test_web_search.py,python,qa,2025-09-22T13:05:18,,
tests/unit/models/test_api_contracts.py,python,qa,2025-06-29T20:06:07,,
tests/unit/models/test_document_processing.py,python,qa,2025-09-22T13:05:18,,
tests/unit/models/test_model_validators.py,python,qa,2025-09-22T13:05:18,,
tests/unit/models/test_vector_search.py,python,qa,2025-09-22T13:05:18,,
tests/unit/processing/__init__.py,python,qa,2025-09-22T13:05:18,,
tests/unit/processing/test_chunking.py,python,qa,2025-09-22T13:05:18,,
tests/unit/processing/test_chunking_performance.py,python,qa,2025-09-22T13:06:24,,
tests/unit/security/__init__.py,python,security,2025-09-22T13:05:18,,
tests/unit/security/test_ml_security.py,python,security,2025-06-29T20:06:07,,
tests/unit/services/__init__.py,python,qa,2025-09-22T13:05:18,,
tests/unit/services/agents/DYNAMIC_TOOL_DISCOVERY_TESTS.md,markdown,qa,2025-09-22T15:30:25,,
tests/unit/services/agents/__init__.py,python,qa,2025-09-22T13:05:18,,
tests/unit/services/agents/conftest.py,python,qa,2025-09-22T13:05:18,,
tests/unit/services/agents/test_agentic_orchestrator.py,python,qa,2025-09-22T13:05:18,,
tests/unit/services/agents/test_agentic_rag.py,python,qa,2025-09-22T13:05:18,,
tests/unit/services/agents/test_dynamic_tool_discovery.py,python,qa,2025-09-22T13:05:18,,
tests/unit/services/agents/test_tool_discovery_advanced.py,python,qa,2025-09-22T13:05:18,,
tests/unit/services/agents/test_tool_discovery_assessment.py,python,qa,2025-09-22T13:06:24,,
tests/unit/services/agents/test_tool_discovery_core.py,python,qa,2025-09-22T13:06:24,,
tests/unit/services/agents/test_tool_discovery_optimization.py,python,qa,2025-09-22T13:06:24,,
tests/unit/services/analytics/__init__.py,python,qa,2025-09-22T13:05:18,,
tests/unit/services/browser/__init__.py,python,qa,2025-09-22T13:05:18,,
tests/unit/services/browser/test_action_schemas.py,python,qa,2025-06-29T20:06:07,,
tests/unit/services/browser/test_anti_detection.py,python,qa,2025-09-22T13:05:18,,
tests/unit/services/browser/test_automation_router.py,python,qa,2025-09-22T13:05:18,,
tests/unit/services/browser/test_browser_router.py,python,qa,2025-09-22T13:05:18,,
tests/unit/services/browser/test_browser_router_rate_limiting.py,python,qa,2025-09-22T13:05:18,,
tests/unit/services/browser/test_browser_use_adapter.py,python,qa,2025-09-22T13:05:18,,
tests/unit/services/browser/test_crawl4ai_adapter.py,python,qa,2025-09-22T13:05:18,,
tests/unit/services/browser/test_monitoring.py,python,qa,2025-09-22T13:05:18,,
tests/unit/services/browser/test_playwright_adapter.py,python,qa,2025-09-22T13:05:18,,
tests/unit/services/browser/test_tier_rate_limiter.py,python,qa,2025-09-22T13:05:18,,
tests/unit/services/browser/test_unified_manager.py,python,qa,2025-09-22T13:05:18,,
tests/unit/services/browser/test_unified_manager_caching.py,python,qa,2025-09-22T13:05:18,,
tests/unit/services/content_intelligence/__init__.py,python,qa,2025-06-24T13:14:31,,
tests/unit/services/content_intelligence/test_adapters.py,python,qa,2025-09-22T13:05:18,,
tests/unit/services/content_intelligence/test_classifiers.py,python,qa,2025-09-22T13:05:18,,
tests/unit/services/content_intelligence/test_metadata_extractor.py,python,qa,2025-06-24T13:14:31,,
tests/unit/services/content_intelligence/test_models.py,python,qa,2025-06-29T20:06:07,,
tests/unit/services/content_intelligence/test_quality_assessor.py,python,qa,2025-06-24T13:14:32,,
tests/unit/services/content_intelligence/test_service.py,python,qa,2025-09-22T13:05:18,,
tests/unit/services/core/__init__.py,python,qa,2025-09-22T13:05:18,,
tests/unit/services/core/test_project_storage.py,python,qa,2025-09-22T13:05:18,,
tests/unit/services/core/test_qdrant_alias_manager.py,python,qa,2025-09-22T13:05:18,,
tests/unit/services/core/test_qdrant_alias_manager_with_queue.py,python,qa,2025-06-24T13:14:31,,
tests/unit/services/crawling/__init__.py,python,qa,2025-09-22T13:05:18,,
tests/unit/services/crawling/test_base.py,python,qa,2025-06-29T20:06:07,,
tests/unit/services/crawling/test_crawl4ai_provider_refactored.py,python,qa,2025-09-22T13:05:18,,
tests/unit/services/crawling/test_extractors.py,python,qa,2025-06-24T13:14:31,,
tests/unit/services/crawling/test_firecrawl_provider.py,python,qa,2025-09-22T13:06:24,,
tests/unit/services/crawling/test_lightweight_scraper.py,python,qa,2025-09-22T13:06:24,,
tests/unit/services/crawling/test_manager.py,python,qa,2025-09-22T13:05:18,,
tests/unit/services/crawling/test_memory_adaptive_dispatcher.py,python,qa,2025-09-22T13:05:18,,
tests/unit/services/embeddings/__init__.py,python,qa,2025-09-22T13:05:18,,
tests/unit/services/embeddings/test_base.py,python,qa,2025-09-22T13:05:18,,
tests/unit/services/embeddings/test_crawl4ai_bulk_embedder.py,python,qa,2025-09-22T13:06:24,,
tests/unit/services/embeddings/test_crawl4ai_bulk_embedder_extended.py,python,qa,2025-09-22T13:05:18,,
tests/unit/services/embeddings/test_fastembed_provider.py,python,qa,2025-09-22T13:05:18,,
tests/unit/services/embeddings/test_manager.py,python,qa,2025-09-22T13:05:18,,
tests/unit/services/embeddings/test_manager_benchmarks.py,python,qa,2025-09-22T13:05:18,,
tests/unit/services/embeddings/test_openai_provider.py,python,qa,2025-09-22T13:06:24,,
tests/unit/services/functional/__init__.py,python,qa,2025-09-22T13:05:18,,
tests/unit/services/functional/test_browser_automation_monitoring.py,python,qa,2025-09-22T16:00:06,,
tests/unit/services/functional/test_circuit_breaker.py,python,qa,2025-09-22T13:05:18,,
tests/unit/services/functional/test_database_connection_pooling.py,python,qa,2025-09-22T16:00:06,,
tests/unit/services/functional/test_embeddings.py,python,qa,2025-09-22T13:05:18,,
tests/unit/services/hyde/__init__.py,python,qa,2025-09-22T13:05:18,,
tests/unit/services/hyde/test_cache.py,python,qa,2025-09-22T13:05:18,,
tests/unit/services/hyde/test_config.py,python,qa,2025-06-29T20:06:07,,
tests/unit/services/hyde/test_engine.py,python,qa,2025-09-22T13:05:18,,
tests/unit/services/hyde/test_generator.py,python,qa,2025-09-22T13:05:18,,
tests/unit/services/monitoring/__init__.py,python,qa,2025-06-24T13:14:31,,
tests/unit/services/monitoring/test_health.py,python,qa,2025-06-29T20:06:07,,
tests/unit/services/monitoring/test_initialization.py,python,qa,2025-06-29T20:06:07,,
tests/unit/services/monitoring/test_metrics.py,python,qa,2025-06-24T13:14:31,,
tests/unit/services/monitoring/test_middleware.py,python,qa,2025-09-22T13:05:18,,
tests/unit/services/observability/__init__.py,python,qa,2025-06-24T13:14:31,,
tests/unit/services/observability/test_config.py,python,qa,2025-09-22T16:55:11,,
tests/unit/services/observability/test_dependencies.py,python,qa,2025-09-22T16:29:35,,
tests/unit/services/observability/test_init.py,python,qa,2025-09-22T16:31:47,,
tests/unit/services/observability/test_middleware.py,python,qa,2025-09-22T16:30:51,,
tests/unit/services/observability/test_observability_ai_tracking.py,python,qa,2025-09-22T13:06:24,,
tests/unit/services/observability/test_observability_config.py,python,qa,2025-09-22T16:54:55,,
tests/unit/services/observability/test_observability_correlation.py,python,qa,2025-09-22T16:44:04,,
tests/unit/services/observability/test_observability_dependencies.py,python,qa,2025-06-24T13:14:31,,
tests/unit/services/observability/test_observability_error_tracking.py,python,qa,2025-09-22T16:30:55,,
tests/unit/services/observability/test_observability_init.py,python,qa,2025-09-22T16:30:58,,
tests/unit/services/observability/test_observability_instrumentation.py,python,qa,2025-09-22T13:06:24,,
tests/unit/services/observability/test_observability_integration.py,python,qa,2025-09-22T13:06:24,,
tests/unit/services/observability/test_observability_metrics_bridge.py,python,qa,2025-09-22T16:31:02,,
tests/unit/services/observability/test_observability_performance.py,python,qa,2025-09-22T16:31:06,,
tests/unit/services/observability/test_tracking.py,python,qa,2025-09-22T13:06:24,,
tests/unit/services/performance/__init__.py,python,qa,2025-09-22T13:05:18,,
tests/unit/services/query_processing/__init__.py,python,qa,2025-09-22T11:39:41,,
tests/unit/services/query_processing/test_clustering.py,python,qa,2025-09-22T13:05:18,,
tests/unit/services/query_processing/test_expansion.py,python,qa,2025-09-22T13:06:24,,
tests/unit/services/query_processing/test_federated.py,python,qa,2025-09-22T13:05:18,,
tests/unit/services/query_processing/test_federated_enums.py,python,qa,2025-09-22T13:05:18,,
tests/unit/services/query_processing/test_federated_integration.py,python,qa,2025-09-22T16:00:06,,
tests/unit/services/query_processing/test_federated_models.py,python,qa,2025-09-22T13:05:18,,
tests/unit/services/query_processing/test_federated_service_advanced.py,python,qa,2025-09-22T13:06:24,,
tests/unit/services/query_processing/test_federated_service_core.py,python,qa,2025-09-22T13:06:24,,
tests/unit/services/query_processing/test_federated_service_merging.py,python,qa,2025-09-22T13:06:24,,
tests/unit/services/query_processing/test_intent_classifier.py,python,qa,2025-09-22T13:05:18,,
tests/unit/services/query_processing/test_models.py,python,qa,2025-09-22T13:05:18,,
tests/unit/services/query_processing/test_orchestrator.py,python,qa,2025-09-22T13:06:24,,
tests/unit/services/query_processing/test_pipeline.py,python,qa,2025-09-22T13:05:18,,
tests/unit/services/query_processing/test_preprocessor.py,python,qa,2025-09-22T13:05:18,,
tests/unit/services/query_processing/test_ranking.py,python,qa,2025-09-22T13:06:24,,
tests/unit/services/query_processing/test_ranking_enums.py,python,qa,2025-09-22T13:06:24,,
tests/unit/services/query_processing/test_ranking_models.py,python,qa,2025-09-22T13:06:24,,
tests/unit/services/query_processing/test_ranking_requests.py,python,qa,2025-09-22T13:06:24,,
tests/unit/services/query_processing/test_ranking_service_calculations.py,python,qa,2025-09-22T13:06:24,,
tests/unit/services/query_processing/test_ranking_service_core.py,python,qa,2025-09-22T13:06:24,,
tests/unit/services/query_processing/test_search_orchestrator.py,python,qa,2025-09-22T13:05:18,,
tests/unit/services/query_processing/test_strategy_selector.py,python,qa,2025-09-22T13:05:18,,
tests/unit/services/task_queue/__init__.py,python,qa,2025-06-24T13:14:31,,
tests/unit/services/task_queue/test_manager.py,python,qa,2025-09-22T13:05:18,,
tests/unit/services/task_queue/test_tasks.py,python,qa,2025-06-24T13:14:31,,
tests/unit/services/task_queue/test_worker.py,python,qa,2025-09-22T13:05:18,,
tests/unit/services/test_base.py,python,qa,2025-09-22T13:05:18,,
tests/unit/services/test_decorators.py,python,qa,2025-09-22T13:05:18,,
tests/unit/services/test_logging_config.py,python,qa,2025-09-22T13:06:24,,
tests/unit/services/test_service_errors.py,python,qa,2025-09-22T13:06:24,,
tests/unit/services/utilities/__init__.py,python,qa,2025-09-22T13:05:18,,
tests/unit/services/utilities/test_hnsw_optimizer.py,python,qa,2025-09-22T13:05:18,,
tests/unit/services/utilities/test_rate_limiter.py,python,qa,2025-09-22T13:05:18,,
tests/unit/services/vector_db/__init__.py,python,qa,2025-09-22T13:05:18,,
tests/unit/services/vector_db/__init___filters.py,python,qa,2025-09-22T13:05:18,,
tests/unit/services/vector_db/test_base_filters.py,python,qa,2025-09-22T13:05:18,,
tests/unit/services/vector_db/test_collections.py,python,qa,2025-09-22T13:05:18,,
tests/unit/services/vector_db/test_composer_filters.py,python,qa,2025-09-22T13:05:18,,
tests/unit/services/vector_db/test_content_type_filters.py,python,qa,2025-09-22T13:05:18,,
tests/unit/services/vector_db/test_documents.py,python,qa,2025-09-22T13:05:18,,
tests/unit/services/vector_db/test_hybrid_search.py,python,qa,2025-09-22T13:05:18,,
tests/unit/services/vector_db/test_indexing.py,python,qa,2025-09-22T13:05:18,,
tests/unit/services/vector_db/test_manage_vector_db.py,python,qa,2025-09-22T13:05:18,,
tests/unit/services/vector_db/test_metadata_filters.py,python,qa,2025-09-22T13:05:18,,
tests/unit/services/vector_db/test_model_selector.py,python,qa,2025-09-22T13:05:18,,
tests/unit/services/vector_db/test_query_classifier.py,python,qa,2025-09-22T13:05:18,,
tests/unit/services/vector_db/test_search.py,python,qa,2025-09-22T13:06:24,,
tests/unit/services/vector_db/test_service.py,python,qa,2025-09-22T13:05:18,,
tests/unit/services/vector_db/test_similarity_filters.py,python,qa,2025-09-22T13:05:18,,
tests/unit/services/vector_db/test_splade_provider.py,python,qa,2025-09-22T13:05:18,,
tests/unit/services/vector_db/test_temporal_filters.py,python,qa,2025-09-22T13:05:18,,
tests/unit/services/vector_db/test_utils.py,python,qa,2025-06-29T20:06:07,,
tests/unit/utils/__init__.py,python,qa,2025-06-24T13:14:32,,
tests/unit/utils/test_health_checks.py,python,qa,2025-06-29T20:06:07,,
tests/unit/utils/test_utils.py,python,qa,2025-09-22T13:05:18,,
tests/unit/utils/test_utils_imports.py,python,qa,2025-09-22T13:05:18,,
tests/utils/__init__.py,python,qa,2025-09-22T13:05:18,,
tests/utils/ai_testing_utilities.py,python,qa,2025-09-22T16:00:06,,
tests/utils/assertion_helpers.py,python,qa,2025-09-22T13:05:18,,
tests/utils/data_generators.py,python,qa,2025-06-29T21:49:21,,
tests/utils/minimal_ai_testing.py,python,qa,2025-09-22T13:05:18,,
tests/utils/mock_factories.py,python,qa,2025-09-22T13:05:18,,
tests/utils/performance_fixtures.py,python,qa,2025-09-22T16:00:06,,
tests/utils/performance_utils.py,python,qa,2025-09-22T13:06:24,,
tests/utils/test_config_helpers.py,python,qa,2025-09-22T13:05:18,,
tests/utils/test_factories.py,python,qa,2025-09-22T13:05:18,,
tests/visual_regression/README.md,markdown,qa,2025-09-22T15:30:25,,
tests/visual_regression/__init__.py,python,qa,2025-06-24T13:14:31,,
tests/visual_regression/conftest.py,python,qa,2025-09-22T13:05:18,,
